Actual_Demand,Predicted_Demand,Error,Absolute_Error,Percentage_Error
25,60.21519702227887,-35.21519702227887,35.21519702227887,140.86078803277118
31,54.14596591659687,-23.14596591659687,23.14596591659687,74.66440615848526
30,49.34998315555633,-19.34998315555633,19.34998315555633,64.49994383035445
80,64.3615534776452,15.638446522354798,15.638446522354798,19.54805815049999
81,46.69957158054326,34.30042841945674,34.30042841945674,42.34620792002731
47,46.84898107917055,0.15101892082945056,0.15101892082945056,0.3213168527602529
74,51.93712310359295,22.062876896407047,22.062876896407047,29.81469850462916
84,61.47988196791939,22.52011803208061,22.52011803208061,26.809664320713868
78,54.29825119002341,23.701748809976593,23.701748809976593,30.38685744479219
10,56.924938216081394,-46.924938216081394,46.924938216081394,469.2493816915645
36,65.04649605787291,-29.046496057872915,29.046496057872915,80.68471124945678
59,39.08425184271635,19.91574815728365,19.91574815728365,33.75550534560695
64,59.69022347223472,4.30977652776528,4.30977652776528,6.734025823581059
86,59.587020288849516,26.412979711150484,26.412979711150484,30.712767102417686
21,35.52671588822794,-14.52671588822794,14.52671588822794,69.1748375300498
83,56.61786022292156,26.382139777078443,26.382139777078443,31.785710570963705
57,54.458735415206185,2.541264584793815,2.541264584793815,4.4583589199087355
52,62.499400504948895,-10.499400504948895,10.499400504948895,20.1911548133265
77,63.516273449007684,13.483726550992316,13.483726550992316,17.511333180832704
69,73.88366334329419,-4.883663343294188,4.883663343294188,7.077772960270161
62,63.16858448989369,-1.1685844898936892,1.1685844898936892,1.8848136930729158
54,59.93144322504349,-5.931443225043488,5.931443225043488,10.9841541184168
56,69.00225752797594,-13.002257527975942,13.002257527975942,23.218317010096627
5,41.19891697611744,-36.19891697611744,36.19891697611744,723.9783380743921
32,61.10168061129733,-29.101680611297333,29.101680611297333,90.94275188188455
56,54.23000795265241,1.7699920473475927,1.7699920473475927,3.1607000839848616
25,35.965461564815286,-10.965461564815286,10.965461564815286,43.8618462417164
70,52.624984726316164,17.375015273683836,17.375015273683836,24.82145038743099
79,53.93931891532115,25.060681084678848,25.060681084678848,31.722381115831155
64,51.97614079049384,12.023859209506163,12.023859209506163,18.78728001191787
80,72.36545995666587,7.634540043334127,7.634540043334127,9.543175052974764
14,35.00231236192052,-21.002312361920517,21.002312361920517,150.01651676370616
52,69.58861943057516,-17.588619430575164,17.588619430575164,33.8242681292168
73,72.61545807738064,0.3845419226193627,0.3845419226193627,0.5267697569406654
80,73.8637366477015,6.136263352298499,6.136263352298499,7.670329189414334
52,55.26447896148486,-3.264478961484862,3.264478961484862,6.27784415549438
32,34.14201749665814,-2.1420174966581413,2.1420174966581413,6.693804674964878
57,67.69842240532529,-10.698422405325289,10.698422405325289,18.769162111312934
94,59.789157548570905,34.210842451429095,34.210842451429095,36.39451324232941
28,49.31512168709562,-21.31512168709562,21.31512168709562,76.12543456958241
72,53.74193159328601,18.25806840671399,18.25806840671399,25.358428339136314
37,49.568166875108325,-12.568166875108325,12.568166875108325,33.9680185721933
94,74.41903684687826,19.580963153121743,19.580963153121743,20.83081186280709
72,65.75217310409923,6.247826895900772,6.247826895900772,8.677537354212527
52,57.849451932018766,-5.849451932018766,5.849451932018766,11.248946020949752
53,54.3322889918477,-1.3322889918476974,1.3322889918476974,2.5137528143326833
26,51.44890082923285,-25.448900829232848,25.448900829232848,97.88038776709541
62,62.830308627743605,-0.8303086277436051,0.8303086277436051,1.3392074638865876
56,63.65201625071542,-7.65201625071542,7.65201625071542,13.664314730980337
51,44.285976955464534,6.714023044535466,6.714023044535466,13.164751065135277
42,38.90316271352607,3.096837286473928,3.096837286473928,7.373422108896632
50,51.92421815816097,-1.9242181581609685,1.9242181581609685,3.8484363155522496
79,46.313938886809694,32.686061113190306,32.686061113190306,41.37476089753523
74,57.16992203610254,16.83007796389746,16.83007796389746,22.743348596788007
13,40.74845880882331,-27.748458808823308,27.748458808823308,213.4496829806026
24,48.344487060960816,-24.344487060960816,24.344487060960816,101.43536271173865
38,55.46956269399693,-17.469562693996927,17.469562693996927,45.972533393157036
59,57.250752246005405,1.7492477539945952,1.7492477539945952,2.9648267011832417
57,51.0545396065638,5.9454603934362,5.9454603934362,10.43063226735638
51,45.77450690726215,5.22549309273785,5.22549309273785,10.246064885712242
74,45.26048949878729,28.739510501212713,28.739510501212713,38.837176347741895
95,56.46050713152926,38.53949286847074,38.53949286847074,40.5678872256989
62,59.692222904494336,2.3077770955056636,2.3077770955056636,3.7222211211829697
39,62.08295705891192,-23.082957058911923,23.082957058911923,59.18706936664927
90,83.88585004923868,6.114149950761316,6.114149950761316,6.793499944535518
16,44.41804264784854,-28.418042647848537,28.418042647848537,177.61276643804538
90,91.38403269064432,-1.384032690644318,1.384032690644318,1.537814100545041
90,64.33187937468523,25.66812062531477,25.66812062531477,28.520134024958622
29,52.27062979568806,-23.27062979568806,23.27062979568806,80.2435509919438
23,53.21935358283362,-30.21935358283362,30.21935358283362,131.38849378128162
87,73.95616037787617,13.043839622123826,13.043839622123826,14.992919104166132
35,37.04592363239553,-2.045923632395528,2.045923632395528,5.84549609088851
31,35.79859987598428,-4.79859987598428,4.79859987598428,15.479354433665627
61,54.15029266200973,6.849707337990267,6.849707337990267,11.22902842109404
33,37.451867534251136,-4.451867534251136,4.451867534251136,13.490507675460863
45,31.778426721732803,13.221573278267197,13.221573278267197,29.381273945175714
21,46.958937529225885,-25.958937529225885,25.958937529225885,123.61398817554516
83,45.38347393434007,37.61652606565993,37.61652606565993,45.32111573629859
57,43.40380392958934,13.596196070410663,13.596196070410663,23.85297555793924
46,53.22532270630518,-7.225322706305178,7.225322706305178,15.70722327116186
86,56.41636917048976,29.58363082951024,29.58363082951024,34.3995707279887
95,58.41495349971667,36.58504650028333,36.58504650028333,38.510575259402394
61,62.68668550931868,-1.6866855093186786,1.6866855093186786,2.7650582115445457
45,36.82256946535776,8.177430534642241,8.177430534642241,18.1720678507223
46,61.27788945029809,-15.27788945029809,15.27788945029809,33.21280314560176
67,67.38872739897059,-0.3887273989705875,0.3887273989705875,0.5801901476306993
24,52.687961914048046,-28.687961914048046,28.687961914048046,119.53317459206136
28,43.67040647732008,-15.670406477320078,15.670406477320078,55.96573739901252
57,49.543834754755956,7.456165245244044,7.456165245244044,13.080991656027974
49,51.22406878766445,-2.22406878766445,2.22406878766445,4.538915892266446
61,43.590568118072646,17.409431881927354,17.409431881927354,28.540052260775983
55,51.34373621286313,3.656263787136872,3.656263787136872,6.647752339040176
92,69.53840578500598,22.461594214994022,22.461594214994022,24.414776317991898
95,63.0892431603228,31.910756839677198,31.910756839677198,33.59027035401913
96,70.7661972582991,25.2338027417009,25.2338027417009,26.28521118653373
46,67.89157880201518,-21.891578802015175,21.891578802015175,47.59038868968725
40,66.43033446971202,-26.430334469712022,26.430334469712022,66.07583615776109
39,51.87110031305133,-12.871100313051329,12.871100313051329,33.00282130705396
36,65.29411123329376,-29.294111233293762,29.294111233293762,81.37253118099031
26,57.46460169716998,-31.464601697169982,31.464601697169982,121.01769878872388
38,63.11444012408893,-25.11444012408893,25.11444012408893,66.09063188810491
48,42.87387980859153,5.126120191408468,5.126120191408468,10.67941706320943
74,52.25521596739333,21.744784032606667,21.744784032606667,29.384843283335382
30,44.60185036388198,-14.60185036388198,14.60185036388198,48.67283453004899
54,32.37194680534605,21.62805319465395,21.62805319465395,40.05195035305325
90,49.603933702805676,40.396066297194324,40.396066297194324,44.88451810300653
58,55.12453147998768,2.875468520012319,2.875468520012319,4.95770434399405
88,61.57699640986123,26.42300359013877,26.42300359013877,30.026140439927453
37,59.37000602572432,-22.370006025724322,22.370006025724322,60.45947572886047
51,61.34445105002653,-10.344451050026528,10.344451050026528,20.283237349016087
22,30.318458660171203,-8.318458660171203,8.318458660171203,37.81117571086402
72,64.93551772738583,7.064482272614171,7.064482272614171,9.811780932823602
31,35.56775915381643,-4.567759153816432,4.567759153816432,14.734706943041811
24,50.36612588252164,-26.366125882521636,26.366125882521636,109.85885779806563
20,42.217044408826,-22.217044408826,22.217044408826,111.08522198858736
38,43.04213002295717,-5.042130022957167,5.042130022957167,13.268763214816554
83,55.8183971030634,27.181602896936603,27.181602896936603,32.74891914899001
32,30.16621992322017,1.8337800767798313,1.8337800767798313,5.730562738146173
52,42.60443364984024,9.395566350159761,9.395566350159761,18.068396823755617
47,48.47386308323812,-1.4738630832381219,1.4738630832381219,3.135878899839434
70,49.80805330000963,20.191946699990368,20.191946699990368,28.845638138722578
48,44.454711913936734,3.545288086063266,3.545288086063266,7.386016844426384
36,49.948715811847634,-13.948715811847634,13.948715811847634,38.746432799924975
98,71.44515556887471,26.55484443112529,26.55484443112529,27.096780028995525
28,36.61818470379183,-8.618184703791833,8.618184703791833,30.77923107397825
36,57.600335464000075,-21.600335464000075,21.600335464000075,60.00093182777773
53,65.38278747166882,-12.38278747166882,12.38278747166882,23.36374994213669
84,67.2583093121134,16.741690687886603,16.741690687886603,19.93058414987327
90,86.67788717411976,3.3221128258802395,3.3221128258802395,3.6912364727901292
48,61.93089842658586,-13.930898426585863,13.930898426585863,29.022705049340818
90,68.17739137952223,21.822608620477766,21.822608620477766,24.247342908947815
90,87.0082291328931,2.9917708671068937,2.9917708671068937,3.3241898519716386
68,76.55786090806146,-8.557860908061457,8.557860908061457,12.585089568827865
42,75.21038168318483,-33.210381683184835,33.210381683184835,79.07233732208952
39,69.51435391039347,-30.514353910393467,30.514353910393467,78.24193308351096
26,42.75520099590409,-16.75520099590409,16.75520099590409,64.44308072869147
37,69.15438107817569,-32.15438107817569,32.15438107817569,86.90373262023058
92,56.89192928425033,35.10807071574967,35.10807071574967,38.16094642601476
89,51.61344606947888,37.38655393052112,37.38655393052112,42.00736396215773
25,29.548162375295362,-4.548162375295362,4.548162375295362,18.19264949390439
77,64.16218925104084,12.837810748959157,12.837810748959157,16.672481489989494
37,37.1342459158925,-0.13424591589249957,0.13424591589249957,0.36282679961139697
35,63.157279116932266,-28.157279116932266,28.157279116932266,80.44936888253523
67,53.221922041053396,13.778077958946604,13.778077958946604,20.564295458045038
91,61.96726435946553,29.03273564053447,29.03273564053447,31.904105095982484
54,52.769460825938545,1.2305391740614553,1.2305391740614553,2.278776247839959
53,65.10044841653495,-12.100448416534945,12.100448416534945,22.8310347438714
28,51.02615443697138,-23.02615443697138,23.02615443697138,82.23626581695626
57,59.15884004547024,-2.1588400454702423,2.1588400454702423,3.7874386755991205
64,73.88604681419726,-9.886046814197258,9.886046814197258,15.446948144769632
90,60.77518937226751,29.224810627732488,29.224810627732488,32.47201180498365
51,54.29182544806691,-3.291825448066909,3.291825448066909,6.454559700826379
95,58.92232935194815,36.07767064805185,36.07767064805185,37.97649541500442
39,57.29113896379872,-18.291138963798723,18.291138963798723,46.90035630540689
57,70.7782421776289,-13.778242177628897,13.778242177628897,24.172354693353792
90,71.37427824545573,18.625721754544273,18.625721754544273,20.695246391638612
93,70.57163801283806,22.428361987161935,22.428361987161935,24.11651826317235
44,53.66226407079416,-9.662264070794158,9.662264070794158,21.959691064995884
77,77.04517285917535,-0.04517285917535219,0.04517285917535219,0.058666050869461805
49,42.24744804858052,6.752551951419477,6.752551951419477,13.780718265390624
83,76.15162544035417,6.848374559645833,6.848374559645833,8.251053685326179
61,70.6486598467557,-9.648659846755706,9.648659846755706,15.817475156022882
74,72.39454594850606,1.6054540514939362,1.6054540514939362,2.169532501725653
66,64.94588046377307,1.0541195362269349,1.0541195362269349,1.5971508122230602
52,61.834899958017566,-9.834899958017566,9.834899958017566,18.913269146396612
102,73.84333906963712,28.156660930362875,28.156660930362875,27.60456953686512
62,70.86958518476494,-8.869585184764944,8.869585184764944,14.305782553765106
65,59.02939942540005,5.970600574599949,5.970600574599949,9.185539344125223
48,52.80293584479108,-4.8029358447910795,4.8029358447910795,10.006116341230141
78,72.97409552316033,5.025904476839671,5.025904476839671,6.443467277173492
59,57.94929586174092,1.0507041382590785,1.0507041382590785,1.7808544713237169
28,63.308015088658166,-35.308015088658166,35.308015088658166,126.10005384302913
38,55.31414711633926,-17.314147116339257,17.314147116339257,45.563545031007635
64,68.1145817457909,-4.1145817457909,4.1145817457909,6.429033976793747
76,55.109445805890374,20.890554194109626,20.890554194109626,27.487571304422197
91,57.42091614790371,33.57908385209629,33.57908385209629,36.90009214110581
44,54.65694482754379,-10.65694482754379,10.65694482754379,24.22032914800399
48,60.602297745616774,-12.602297745616774,12.602297745616774,26.254786964565195
59,72.0643335202138,-13.064333520213793,13.064333520213793,22.142938166100844
59,72.35178784657555,-13.351787846575547,13.351787846575547,22.630148888665307
37,35.49631456488534,1.5036854351146616,1.5036854351146616,4.064014688400703
26,53.82334986124101,-27.823349861241013,27.823349861241013,107.01288404053739
31,50.352336842281304,-19.352336842281304,19.352336842281304,62.4268930194794
27,46.30996124266816,-19.30996124266816,19.30996124266816,71.51837494635674
36,42.095954825866336,-6.095954825866336,6.095954825866336,16.93320784492504
26,33.84356956274474,-7.84356956274474,7.84356956274474,30.16757522972301
68,55.56184774673299,12.438152253267013,12.438152253267013,18.29140036976158
17,38.15968662436742,-21.159686624367417,21.159686624367417,124.46874477600318
95,57.96079185971551,37.03920814028449,37.03920814028449,38.98864014356382
30,49.16031683722329,-19.16031683722329,19.16031683722329,63.86772276945506
46,50.91119797193663,-4.91119797193663,4.91119797193663,10.67651732797604
88,83.93130113889586,4.068698861104139,4.068698861104139,4.623521432547485
28,52.764895412722495,-24.764895412722495,24.764895412722495,88.4460550138496
83,61.34724934942978,21.65275065057022,21.65275065057022,26.08765138308609
61,35.797721864108695,25.202278135891305,25.202278135891305,41.31521005206522
92,64.11372715040899,27.88627284959101,27.88627284959101,30.311166137565102
78,57.08449443485821,20.915505565141792,20.915505565141792,26.814750721102975
93,92.40987787352888,0.5901221264711154,0.5901221264711154,0.6345399208684531
52,64.90036601490237,-12.900366014902374,12.900366014902374,24.808396177733723
83,75.35322152424897,7.646778475751034,7.646778475751034,9.212986114252693
51,67.18648674682797,-16.186486746827967,16.186486746827967,31.738209301282637
81,79.13982844727718,1.860171552722818,1.860171552722818,2.2965080894977374
71,66.89092220335637,4.109077796643632,4.109077796643632,5.787433515584351
71,64.68586982759473,6.314130172405271,6.314130172405271,8.893141086642194
73,80.53774563652864,-7.537745636528641,7.537745636528641,10.325678952734348
69,69.30564604525624,-0.30564604525623906,0.30564604525623906,0.4429652829158588
24,56.650001668867866,-32.650001668867866,32.650001668867866,136.04167356359872
56,68.95770851005824,-12.95770851005824,12.95770851005824,23.138765192400648
58,61.93495836910867,-3.9349583691086707,3.9349583691086707,6.784410980052121
37,57.399449358389326,-20.399449358389326,20.399449358389326,55.133646899664754
69,54.960479276207444,14.039520723792556,14.039520723792556,20.34713148080847
90,55.81287024991405,34.18712975008595,34.18712975008595,37.985699718097095
93,60.672906949628796,32.327093050371204,32.327093050371204,34.76031510418836
35,33.86528310962176,1.1347168903782432,1.1347168903782432,3.2420482572972524
57,66.40712162619437,-9.407121626194368,9.407121626194368,16.5037221483228
25,48.68273086181976,-23.682730861819763,23.682730861819763,94.73092340938668
42,65.54658635100702,-23.546586351007022,23.546586351007022,56.0633008223826
92,76.18104449434024,15.818955505659758,15.818955505659758,17.19451685210903
39,55.799503650608756,-16.799503650608756,16.799503650608756,43.07565037513126
82,83.75546932451194,-1.7554693245119353,1.7554693245119353,2.140816249143724
45,65.798143738571,-20.798143738571,20.798143738571,46.218097186553756
87,68.47923534253681,18.52076465746319,18.52076465746319,21.288235236016515
63,45.76071114337387,17.239288856626132,17.239288856626132,27.363950561729737
70,66.0806005169736,3.919399483026396,3.919399483026396,5.599142117809261
85,63.86967337365948,21.13032662634052,21.13032662634052,24.859207792770118
74,73.80798416657863,0.1920158334213653,0.1920158334213653,0.259480855939753
74,74.4585506414266,-0.45855064142659785,0.45855064142659785,0.6196630288711238
73,87.92874333512518,-14.928743335125176,14.928743335125176,20.4503333329865
57,71.05840489562979,-14.058404895629792,14.058404895629792,24.663868233620008
95,93.31152237678116,1.6884776232188443,1.6884776232188443,1.7773448663590632
34,71.07887400645485,-37.07887400645485,37.07887400645485,109.05551175161558
52,66.50416394901903,-14.50416394901903,14.50416394901903,27.892622973518783
82,62.033773757143734,19.966226242856266,19.966226242856266,24.34905639075776
72,56.58991806638662,15.410081933613377,15.410081933613377,21.4028915714904
30,55.682256241613345,-25.682256241613345,25.682256241613345,85.60752077684197
37,65.95445336642025,-28.954453366420253,28.954453366420253,78.25527934755331
75,52.08568781403649,22.91431218596351,22.91431218596351,30.552416243877694
77,59.40635328137442,17.59364671862558,17.59364671862558,22.848891839403493
70,61.80069935110654,8.199300648893463,8.199300648893463,11.713286639603048
45,54.913232247022314,-9.913232247022314,9.913232247022314,22.029404988487496
35,51.86830654053466,-16.86830654053466,16.86830654053466,48.1951615306147
55,62.657717852393425,-7.657717852393425,7.657717852393425,13.923123365456568
93,60.45416116028922,32.54583883971078,32.54583883971078,34.995525630334654
33,57.08367428413037,-24.083674284130367,24.083674284130367,72.98083114191601
74,67.51045638445765,6.489543615542345,6.489543615542345,8.769653533331596
83,63.76607456735931,19.23392543264069,19.23392543264069,23.173404132919696
42,56.68533878619997,-14.68533878619997,14.68533878619997,34.965092339770145
71,65.96836692259407,5.031633077405928,5.031633077405928,7.0868071502778145
37,61.23402918569585,-24.234029185695853,24.234029185695853,65.49737615985435
80,64.48362703083826,15.516372969161736,15.516372969161736,19.395466209027738
9,39.68762130183267,-30.68762130183267,30.68762130183267,340.97356964150345
34,57.32252287176955,-23.32252287176955,23.32252287176955,68.59565548502935
29,35.47502175211699,-6.475021752116987,6.475021752116987,22.32766120649731
76,81.74675867119846,-5.746758671198464,5.746758671198464,7.561524566371462
34,43.26300798473283,-9.26300798473283,9.26300798473283,27.244141123554165
87,59.79794597932874,27.202054020671262,27.202054020671262,31.26672875579838
14,13.20595578318992,0.7940442168100805,0.7940442168100805,5.671744401735043
84,61.68306272319993,22.31693727680007,22.31693727680007,26.567782469218205
86,52.294970291326436,33.705029708673564,33.705029708673564,39.191895005528345
72,59.213552365668434,12.786447634331566,12.786447634331566,17.75895504521621
32,53.569627620301766,-21.569627620301766,21.569627620301766,67.40508629237893
51,67.73164452722216,-16.73164452722216,16.73164452722216,32.80714612537538
84,59.66563789196391,24.33436210803609,24.33436210803609,28.96947869659422
64,65.23432516755419,-1.2343251675541893,1.2343251675541893,1.9286330740020718
60,47.72643695677643,12.273563043223568,12.273563043223568,20.455938401963287
35,54.331244201184944,-19.331244201184944,19.331244201184944,55.232126273319224
55,52.43331045124341,2.5666895487565924,2.5666895487565924,4.666708269618039
25,36.28660949187444,-11.286609491874437,11.286609491874437,45.146437949439175
86,73.4954486690404,12.5045513309596,12.5045513309596,14.540175964541376
62,54.05891254067764,7.941087459322361,7.941087459322361,12.808205577486357
73,67.58947134837759,5.410528651622414,5.410528651622414,7.411683083398968
68,55.928815712362976,12.071184287637024,12.071184287637024,17.751741596855663
35,47.1615588613868,-12.161558861386801,12.161558861386801,34.74731102260591
46,61.57407140673812,-15.57407140673812,15.57407140673812,33.856676963809676
32,62.216883472211734,-30.216883472211734,30.216883472211734,94.427760821153
58,38.517763094430606,19.482236905569394,19.482236905569394,33.590063624500665
95,55.8789926006374,39.1210073993626,39.1210073993626,41.180007784467996
22,22.72697062770101,-0.7269706277010108,0.7269706277010108,3.3044119425934984
80,61.1018271134156,18.898172886584398,18.898172886584398,23.62271610527766
65,54.98020564892948,10.019794351070523,10.019794351070523,15.415068230044643
56,36.68928810502462,19.310711894975377,19.310711894975377,34.483414092012566
71,66.17491433476215,4.82508566523785,4.82508566523785,6.795895302194734
37,43.13294207255967,-6.132942072559672,6.132942072559672,16.57551911054627
43,55.07568568361442,-12.075685683614417,12.075685683614417,28.082989955363065
89,88.72278576965934,0.27721423034066106,0.27721423034066106,0.31147666326911616
23,30.5795105602782,-7.579510560278202,7.579510560278202,32.95439372601201
67,56.656089040302206,10.343910959697794,10.343910959697794,15.438673071871534
81,59.626524345489614,21.373475654510386,21.373475654510386,26.387006977619365
92,66.64645163721322,25.353548362786782,25.353548362786782,27.55820473916409
79,74.01334061595793,4.9866593840420705,4.9866593840420705,6.312227067608668
37,56.69610913288483,-19.69610913288483,19.69610913288483,53.23272737178799
89,82.70511610868239,6.29488389131761,6.29488389131761,7.072903247876765
98,94.14034719444486,3.859652805555143,3.859652805555143,3.9384212297564303
28,71.05117962473007,-43.05117962473007,43.05117962473007,153.7542128905523
77,78.7890637839521,-1.789063783952102,1.789063783952102,2.323459459376307
58,45.46926093933623,12.53073906066377,12.53073906066377,21.604722514660857
65,68.17877273770237,-3.1787727377023742,3.1787727377023742,4.890419595712819
63,64.96184135520384,-1.9618413552038447,1.9618413552038447,3.114033896654669
69,57.361797866341455,11.638202133658545,11.638202133658545,16.866959611553405
78,62.59509946793121,15.404900532068787,15.404900532068787,19.749872474479233
19,34.476514072059686,-15.476514072059686,15.476514072059686,81.45533717849554
59,59.723037539487294,-0.7230375394872937,0.7230375394872937,1.2254873548554999
28,52.5561021334293,-24.5561021334293,24.5561021334293,87.70036473092594
83,67.8826914334361,15.117308566563906,15.117308566563906,18.213624776798248
45,42.46932839156376,2.5306716084362435,2.5306716084362435,5.62371468416416
81,62.38061206348236,18.61938793651764,18.61938793651764,22.98689868422093
88,78.73181874639846,9.26818125360154,9.26818125360154,10.532024150623112
32,31.057469458563187,0.9425305414368133,0.9425305414368133,2.9454079410696012
27,45.77132831601179,-18.77132831601179,18.77132831601179,69.52343818170165
84,65.06031420964051,18.93968579035949,18.93968579035949,22.54724498583901
42,47.66933603852604,-5.6693360385260405,5.6693360385260405,13.498419136133805
41,62.71485431939971,-21.714854319399713,21.714854319399713,52.96305930269124
93,65.58147839983043,27.41852160016957,27.41852160016957,29.48228128733478
87,55.748846963662494,31.251153036337506,31.251153036337506,35.920865554879796
76,63.58182263839121,12.418177361608791,12.418177361608791,16.33970705259845
49,67.17030019864325,-18.170300198643247,18.170300198643247,37.08224529578576
40,43.07627986134761,-3.076279861347608,3.076279861347608,7.690699651446345
62,68.58447144920746,-6.584471449207456,6.584471449207456,10.620115238944265
27,52.10871574720072,-25.10871574720072,25.10871574720072,92.99524347370813
26,53.71031720849933,-27.710317208499333,27.710317208499333,106.57814306862123
71,53.166909916976344,17.833090083023656,17.833090083023656,25.1170282824112
80,45.245981196491215,34.754018803508785,34.754018803508785,43.44252349895567
54,46.96770036907306,7.032299630926943,7.032299630926943,13.022777091897527
65,52.66853187543104,12.331468124568957,12.331468124568957,18.971489419495093
26,47.61462767576603,-21.61462767576603,21.61462767576603,83.13318333635658
46,55.35232606358167,-9.352326063581671,9.352326063581671,20.331143612062082
34,57.8441623101225,-23.8441623101225,23.8441623101225,70.12988912679268
93,62.48783344121218,30.51216655878782,30.51216655878782,32.808781242480585
55,49.480499439660676,5.519500560339324,5.519500560339324,10.03545556242869
51,54.67335772161377,-3.673357721613769,3.673357721613769,7.2026621978303975
87,78.77207867518584,8.227921324814162,8.227921324814162,9.457380832032673
36,48.39986900970613,-12.39986900970613,12.39986900970613,34.444080572949225
50,53.0164285533952,-3.016428553395201,3.016428553395201,6.0328571055838305
32,45.759552330370134,-13.759552330370134,13.759552330370134,42.99860101896961
65,57.69165443665705,7.308345563342947,7.308345563342947,11.243608557259364
66,55.36302982401696,10.636970175983038,10.636970175983038,16.116621476320265
53,59.0418628550404,-6.041862855040399,6.041862855040399,11.399741233774387
45,56.94722726653832,-11.94722726653832,11.94722726653832,26.549393919740844
60,55.5549256276291,4.445074372370897,4.445074372370897,7.408457286050085
84,66.5432126022286,17.456787397771393,17.456787397771393,20.781889756777623
93,67.16083606275359,25.83916393724641,25.83916393724641,27.784047241363453
59,58.84616537764836,0.15383462235163847,0.15383462235163847,0.26073664800943186
81,70.8437004497813,10.156299550218705,10.156299550218705,12.538641418475112
28,51.740862923479966,-23.740862923479966,23.740862923479966,84.78879612500387
45,46.75923892089562,-1.7592389208956192,1.7592389208956192,3.909419823343727
82,66.94366446366612,15.056335536333876,15.056335536333876,18.361384798167972
26,58.114279910400796,-32.114279910400796,32.114279910400796,123.51646114634288
60,59.72411974354892,0.2758802564510816,0.2758802564510816,0.4598004273418359
89,59.039695273280124,29.960304726719876,29.960304726719876,33.663263734105115
20,49.24727045206585,-29.247270452065848,29.247270452065848,146.23635218721105
25,56.57338312336194,-31.573383123361943,31.573383123361943,126.29353244293036
42,58.208539890645206,-16.208539890645206,16.208539890645206,38.59176163520483
65,37.304404975688584,27.695595024311416,27.695595024311416,42.608607723154705
76,61.38820787464681,14.61179212535319,14.61179212535319,19.226042267671826
82,87.92843473555237,-5.928434735552372,5.928434735552372,7.229798457109016
62,46.94279889127848,15.057201108721522,15.057201108721522,24.285808235956356
93,64.9780210365636,28.021978963436396,28.021978963436396,30.13116017249815
28,59.643716783665916,-31.643716783665916,31.643716783665916,113.01327418701639
60,71.40140171535685,-11.401401715356855,11.401401715356855,19.00233618909437
51,64.25338335972555,-13.253383359725547,13.253383359725547,25.98702619044479
76,56.57008254975495,19.42991745024505,19.42991745024505,25.56568085222169
57,43.91094749052616,13.089052509473838,13.089052509473838,22.963250012592127
47,42.964378547887115,4.035621452112885,4.035621452112885,8.586428619689876
30,51.9414179406692,-21.941417940669197,21.941417940669197,73.13805977785131
74,62.70700204958123,11.292997950418773,11.292997950418773,15.26080803904418
47,59.95506063503724,-12.955060635037242,12.955060635037242,27.563958792086908
82,68.41767546700889,13.582324532991109,13.582324532991109,16.563810404066743
84,56.860199030860485,27.139800969139515,27.139800969139515,32.30928686417689
38,58.252097066015494,-20.252097066015494,20.252097066015494,53.29499226496315
81,69.4743298903134,11.525670109686601,11.525670109686601,14.229222355881085
68,68.08672891206953,-0.08672891206953182,0.08672891206953182,0.12754251773055525
74,69.72819692561717,4.271803074382831,4.271803074382831,5.7727068564940005
56,71.13766068628091,-15.13766068628091,15.13766068628091,27.031536934960275
80,71.52636817209728,8.473631827902722,8.473631827902722,10.592039783554398
82,85.45632894836957,-3.456328948369574,3.456328948369574,4.215035302375696
87,76.16472496043563,10.835275039564365,10.835275039564365,12.45433912450452
28,66.84739104150569,-38.84739104150569,38.84739104150569,138.7406822415415
42,36.14158269424711,5.858417305752887,5.858417305752887,13.94861262942387
6,37.66056277775055,-31.66056277775055,31.66056277775055,527.6760454163824
61,65.75973131419097,-4.759731314190972,4.759731314190972,7.802838218706047
69,53.34783475568422,15.652165244315782,15.652165244315782,22.68429745224254
74,50.04104154353821,23.958958456461787,23.958958456461787,32.37697088273526
75,46.128404936840205,28.871595063159795,28.871595063159795,38.49546007908033
64,53.40891732129804,10.591082678701959,10.591082678701959,16.548566682886097
29,42.1105481510276,-13.1105481510276,13.1105481510276,45.20878671209214
87,70.12765446136794,16.87234553863206,16.87234553863206,19.393500616888172
47,58.39499441841745,-11.394994418417447,11.394994418417447,24.24466897019783
54,60.53641473452706,-6.536414734527057,6.536414734527057,12.104471728364091
23,46.13970302864137,-23.13970302864137,23.13970302864137,100.60740442861143
68,54.56148485964512,13.43851514035488,13.43851514035488,19.762522262321514
59,51.12855176018552,7.871448239814477,7.871448239814477,13.341437692339547
68,54.4763248018222,13.523675198177799,13.523675198177799,19.88775764145445
25,29.738953258741823,-4.738953258741823,4.738953258741823,18.955813027384966
71,56.6907023030828,14.309297696917199,14.309297696917199,20.153940415354658
41,47.241637489223585,-6.241637489223585,6.241637489223585,15.223506067563985
36,63.13792140670777,-27.13792140670777,27.13792140670777,75.38311499769293
83,62.3732593471725,20.6267406528275,20.6267406528275,24.851494759448617
44,33.18429595866195,10.815704041338051,10.815704041338051,24.581145542908946
58,69.76848741241609,-11.768487412416093,11.768487412416093,20.290495535150075
56,56.974494772433964,-0.9744947724339639,0.9744947724339639,1.7401692361784766
43,49.9219851383612,-6.921985138361201,6.921985138361201,16.097639852910316
49,54.65040804930927,-5.65040804930927,5.65040804930927,11.53144499623699
62,74.23030084010388,-12.23030084010388,12.23030084010388,19.726291674405243
52,39.847401782368685,12.152598217631315,12.152598217631315,23.370381183258225
89,58.085076220623385,30.914923779376615,30.914923779376615,34.735869411127
42,39.05641081970163,2.9435891802983676,2.9435891802983676,7.008545665708364
58,65.02628842721697,-7.026288427216969,7.026288427216969,12.114290389664722
47,61.45646968174417,-14.456469681744167,14.456469681744167,30.758446124826218
59,60.80344848738864,-1.8034484873886427,1.8034484873886427,3.0566923509880906
92,72.39736933261884,19.602630667381163,19.602630667381163,21.30720724483744
49,59.84614413311287,-10.846144133112873,10.846144133112873,22.134988022243622
68,60.250071417374734,7.749928582625266,7.749928582625266,11.39695379630231
27,53.07398491194226,-26.07398491194226,26.07398491194226,96.57031445290826
93,60.78884535957785,32.21115464042215,32.21115464042215,34.6356501472673
56,57.155509665537956,-1.1555096655379558,1.1555096655379558,2.0634101166635976
69,62.098901262317604,6.901098737682396,6.901098737682396,10.001592372003243
48,31.973717672441985,16.026282327558015,16.026282327558015,33.38808817545667
75,64.23100633423518,10.768993665764825,10.768993665764825,14.35865821910528
20,55.27454024259874,-35.27454024259874,35.27454024259874,176.37270112480735
56,65.1924684700199,-9.192468470019904,9.192468470019904,16.41512226496141
44,48.3677044550057,-4.3677044550057005,4.3677044550057005,9.926601031847818
66,59.04190396603877,6.958096033961233,6.958096033961233,10.542569746828754
95,58.00594745599157,36.99405254400843,36.99405254400843,38.941107936962446
24,55.75946532801157,-31.759465328011572,31.759465328011572,132.3311054782436
63,53.42208132817882,9.57791867182118,9.57791867182118,15.203045508414089
79,66.5420437590943,12.457956240905702,12.457956240905702,15.769564859909805
32,62.08700131521598,-30.08700131521598,30.08700131521598,94.02187908066809
75,71.74062384901111,3.259376150988885,3.259376150988885,4.345834867405736
103,76.363322350119,26.636677649880994,26.636677649880994,25.860852084752338
90,75.08200091496745,14.917999085032548,14.917999085032548,16.575554537083327
24,32.213147088952525,-8.213147088952525,8.213147088952525,34.221446189709916
95,84.29957490238233,10.700425097617668,10.700425097617668,11.263605364727693
92,65.91863893517454,26.081361064825458,26.081361064825458,28.34930550216362
10,33.24425275978872,-23.244252759788722,23.244252759788722,232.44252736544468
24,16.806046588820998,7.193953411179002,7.193953411179002,29.974805867423004
71,69.73555630869016,1.264443691309836,1.264443691309836,1.7809066072278106
19,20.49913315217254,-1.49913315217254,1.49913315217254,7.890174480965907
83,62.251988347106625,20.748011652893375,20.748011652893375,24.9976043980646
82,85.6895604110431,-3.6895604110431037,3.6895604110431037,4.499463915357509
80,49.73042931033389,30.26957068966611,30.26957068966611,37.83696335735302
31,24.386022216095636,6.613977783904364,6.613977783904364,21.335412199260716
28,54.105563909178315,-26.105563909178315,26.105563909178315,93.23415678519606
76,65.36534330120728,10.634656698792725,10.634656698792725,13.992969338675564
7,39.91459200741869,-32.91459200741869,32.91459200741869,470.2084565771121
81,67.74542765614596,13.254572343854036,13.254572343854036,16.36366955829342
75,55.76899337363375,19.231006626366252,19.231006626366252,25.641342165069492
84,56.506437852843185,27.493562147156815,27.493562147156815,32.73043112367116
64,59.05779394237775,4.942206057622251,4.942206057622251,7.722196963828173
30,52.812547814897464,-22.812547814897464,22.812547814897464,76.04182602431094
41,39.790073385791196,1.209926614208804,1.209926614208804,2.951040521740732
78,66.11339447803995,11.88660552196005,11.88660552196005,15.239237846712983
47,54.022952114161086,-7.022952114161086,7.022952114161086,14.94245130354647
27,49.88659518636386,-22.886595186363863,22.886595186363863,84.76516732550868
46,52.02542657526281,-6.025426575262813,6.025426575262813,13.098753421636822
76,50.64512972452287,25.354870275477133,25.354870275477133,33.3616714107118
73,55.66121930676663,17.338780693233367,17.338780693233367,23.751754371038622
20,37.10211895181409,-17.10211895181409,17.10211895181409,85.51059471631515
55,65.25275178290211,-10.25275178290211,10.25275178290211,18.641366874614494
6,34.291690873893685,-28.291690873893685,28.291690873893685,471.52818044568113
40,39.45148645756283,0.5485135424371705,0.5485135424371705,1.3712838557501055
29,49.99480797738256,-20.994807977382557,20.994807977382557,72.39588955221713
86,47.507530618262834,38.492469381737166,38.492469381737166,44.758685322396865
79,24.255671837518012,54.74432816248199,54.74432816248199,69.29661791842068
83,63.2288491161734,19.7711508838266,19.7711508838266,23.82066371258378
37,58.24755382183813,-21.24755382183813,21.24755382183813,57.42582112458257
41,67.18945749402617,-26.189457494026172,26.189457494026172,63.876725579606095
71,70.1395063616868,0.8604936383132014,0.8604936383132014,1.211962870692965
55,66.10163050572694,-11.101630505726945,11.101630505726945,20.184782734015393
28,61.467950708750486,-33.467950708750486,33.467950708750486,119.52839534570587
87,68.09500092204364,18.90499907795636,18.90499907795636,21.729883995153305
17,40.9633809165311,-23.9633809165311,23.9633809165311,140.96106413197055
68,57.66290350436276,10.33709649563724,10.33709649563724,15.201612491348648
62,55.636470206160766,6.363529793839234,6.363529793839234,10.26375773034332
44,43.0804497210219,0.9195502789781003,0.9195502789781003,2.0898869972025262
25,53.09935809491597,-28.09935809491597,28.09935809491597,112.39743233470492
31,44.575289782688124,-13.575289782688124,13.575289782688124,43.79125734938386
86,82.80983863477839,3.1901613652216128,3.1901613652216128,3.709489959128679
51,42.16942947227117,8.830570527728831,8.830570527728831,17.314844168622248
91,82.69329378318994,8.306706216810056,8.306706216810056,9.128248588898057
77,78.18816947676511,-1.1881694767651112,1.1881694767651112,1.543077242351693
79,55.17865761454048,23.821342385459523,23.821342385459523,30.15359795246097
30,64.35849909494051,-34.35849909494051,34.35849909494051,114.52833027829226
36,61.06700508180841,-25.06700508180841,25.06700508180841,69.6305696523482
50,38.358183109532256,11.641816890467744,11.641816890467744,23.283633776278762
35,36.795352190572096,-1.7953521905720962,1.7953521905720962,5.129577685883253
90,61.48137977965131,28.518620220348687,28.518620220348687,31.68735579686662
68,49.81489818745063,18.18510181254937,18.18510181254937,26.74279677922808
39,37.342908040505655,1.6570919594943447,1.6570919594943447,4.248953741203716
74,57.44152483799548,16.55847516200452,16.55847516200452,22.376317783468767
69,63.71003614620051,5.289963853799492,5.289963853799492,7.666614279757726
102,74.28156673091615,27.718433269083846,27.718433269083846,27.174934574868974
32,37.187308043810866,-5.187308043810866,5.187308043810866,16.210337631843224
91,69.56545053580238,21.434549464197616,21.434549464197616,23.55444995806832
87,76.42867839494218,10.571321605057818,10.571321605057818,12.150944372233017
23,47.53277990151879,-24.532779901518794,24.532779901518794,106.66426039501029
51,77.28035087284177,-26.280350872841765,26.280350872841765,51.53009974056618
36,43.004648866756646,-7.004648866756646,7.004648866756646,19.457357957808085
55,55.6177276263963,-0.6177276263963023,0.6177276263963023,1.1231411386981602
37,60.489728980265824,-23.489728980265824,23.489728980265824,63.48575398356013
32,48.82341488719575,-16.823414887195753,16.823414887195753,52.57317150605761
21,46.30007135551368,-25.30007135551368,25.30007135551368,120.47653020698108
27,47.207572154132144,-20.207572154132144,20.207572154132144,74.84285980239947
23,44.266418298136244,-21.266418298136244,21.266418298136244,92.4626882125651
37,46.934505478787194,-9.934505478787194,9.934505478787194,26.850014800276195
29,49.808128644876135,-20.808128644876135,20.808128644876135,71.75216771621005
20,37.38819497435011,-17.388194974350107,17.388194974350107,86.94097482828003
65,43.26662647298212,21.733373527017882,21.733373527017882,33.435959267191215
46,43.15655961974792,2.8434403802520833,2.8434403802520833,6.181392129639009
79,58.616242067013005,20.383757932986995,20.383757932986995,25.802225228363007
71,44.406942037030745,26.593057962969255,26.593057962969255,37.455011210174305
57,27.819766072316742,29.180233927683258,29.180233927683258,51.193392846603366
33,52.384096184727206,-19.384096184727206,19.384096184727206,58.73968539046436
94,76.26689515530335,17.733104844696655,17.733104844696655,18.865005151925697
52,58.34181004616599,-6.341810046165989,6.341810046165989,12.195788547973866
32,61.2544906274916,-29.2544906274916,29.2544906274916,91.42028318234242
24,37.18990419943234,-13.189904199432341,13.189904199432341,54.957934141402276
41,55.49500924560582,-14.495009245605821,14.495009245605821,35.35368107822062
55,53.107205827596665,1.8927941724033346,1.8927941724033346,3.441443949198528
87,61.30978770681242,25.690212293187578,25.690212293187578,29.52897964394791
85,50.96800026719826,34.03199973280174,34.03199973280174,40.03764673976232
49,67.89184631263632,-18.891846312636318,18.891846312636318,38.55478838526702
30,30.97865402269603,-0.9786540226960305,0.9786540226960305,3.2621800745660416
49,56.78801901824879,-7.788019018248789,7.788019018248789,15.893916360529383
69,67.87847180382752,1.121528196172477,1.121528196172477,1.6254031826230968
53,64.62265683405526,-11.622656834055263,11.622656834055263,21.929541192193035
26,50.69761591535271,-24.697615915352714,24.697615915352714,94.99083040712935
61,66.78387984501548,-5.783879845015477,5.783879845015477,9.481770236175901
65,57.12726510985781,7.8727348901421905,7.8727348901421905,12.111899829124617
51,55.54842685772964,-4.548426857729638,4.548426857729638,8.918484033015272
82,60.5720744588848,21.4279255411152,21.4279255411152,26.131616510368342
47,60.22414203837976,-13.22414203837976,13.22414203837976,28.136472416098112
59,52.728540311021675,6.271459688978325,6.271459688978325,10.629592691381976
63,78.13604260582352,-15.13604260582352,15.13604260582352,24.02546444987456
100,67.25283972038741,32.74716027961259,32.74716027961259,32.74716027633787
48,61.454055452173314,-13.454055452173314,13.454055452173314,28.029282186188304
61,68.95765774515827,-7.957657745158272,7.957657745158272,13.045340563694651
93,69.07001524030537,23.929984759694634,23.929984759694634,25.73116640550701
102,73.88492877976543,28.11507122023457,28.11507122023457,27.56379531125313
61,73.26721779724033,-12.267217797240335,12.267217797240335,20.110193106933302
44,50.810500041745655,-6.810500041745655,6.810500041745655,15.478409182267761
89,85.14343601603227,3.8565639839677317,3.8565639839677317,4.333217959027428
69,61.389140729120015,7.610859270879985,7.610859270879985,11.030230825763713
42,73.09261349322482,-31.092613493224817,31.092613493224817,74.03003210909955
47,66.30718561289423,-19.30718561289423,19.30718561289423,41.079118316566635
66,57.973370741213,8.026629258786997,8.026629258786997,12.161559481167943
91,60.55605065023203,30.44394934976797,30.44394934976797,33.454889391673056
25,48.87426524619757,-23.874265246197567,23.874265246197567,95.49706094659143
83,65.97717273056801,17.022827269431986,17.022827269431986,20.509430442627764
60,56.81988393557819,3.18011606442181,3.18011606442181,5.300193439819651
70,64.79492505128309,5.205074948716913,5.205074948716913,7.435821354247615
91,85.83001197603078,5.169988023969225,5.169988023969225,5.681305520220984
42,57.95819678396092,-15.958196783960922,15.958196783960922,37.99570661943179
68,59.36522559962305,8.634774400376948,8.634774400376948,12.698197645745779
56,68.78383700032597,-12.783837000325974,12.783837000325974,22.828280353648474
44,61.03628148574189,-17.03628148574189,17.03628148574189,38.71882154970456
66,66.41868620633507,-0.41868620633506737,0.41868620633506737,0.6343730398055002
63,70.07950666244899,-7.079506662448992,7.079506662448992,11.237312160833747
39,51.83373836059727,-12.833738360597273,12.833738360597273,32.90702142899121
46,59.0900458899619,-13.0900458899619,13.0900458899619,28.45662149373095
35,50.640341887330635,-15.640341887330635,15.640341887330635,44.686691093891326
69,52.82069071761289,16.17930928238711,16.17930928238711,23.44827431890186
32,43.92378210173061,-11.923782101730609,11.923782101730609,37.26181905626383
84,55.11909551096575,28.88090448903425,28.88090448903425,34.382029149519106
47,47.28647934219078,-0.28647934219078053,0.28647934219078053,0.6095305151698457
60,56.30384644016604,3.6961535598339594,3.6961535598339594,6.16025593202989
46,62.78919913043819,-16.789199130438192,16.789199130438192,36.49825897127906
58,62.10510499779299,-4.105104997792992,4.105104997792992,7.07776723635382
60,62.99310325551594,-2.9931032555159405,2.9931032555159405,4.9885054250284835
64,66.18341681197423,-2.183416811974226,2.183416811974226,3.4115887681766677
88,64.72909276928246,23.27090723071754,23.27090723071754,26.444212759174
42,59.8549793092611,-17.854979309261097,17.854979309261097,42.51185548811884
78,67.4841123987512,10.515887601248807,10.515887601248807,13.481907179359764
99,71.12911711309233,27.870882886907665,27.870882886907665,28.152406953628713
86,64.27832742654788,21.721672573452125,21.721672573452125,25.257758803402737
87,73.68870572570722,13.311294274292777,13.311294274292777,15.30033824455488
66,71.24905280096738,-5.249052800967377,5.249052800967377,7.95311030329101
34,65.93970206204624,-31.939702062046237,31.939702062046237,93.94030015485943
80,66.61301782626136,13.386982173738645,13.386982173738645,16.733727715081592
31,68.24410628256058,-37.24410628256058,37.24410628256058,120.14227829208501
74,59.26653001796018,14.733469982039821,14.733469982039821,19.910094567633532
28,48.781932083005145,-20.781932083005145,20.781932083005145,74.22118598422509
33,50.010749375742904,-17.010749375742904,17.010749375742904,51.547725365418586
92,58.77275779921254,33.22724220078746,33.22724220078746,36.116567605625875
74,65.31221761209079,8.687782387909209,8.687782387909209,11.740246468561061
54,40.10310464495913,13.896895355040868,13.896895355040868,25.73499139345809
42,59.618935738923774,-17.618935738923774,17.618935738923774,41.9498469874495
75,60.4317440201042,14.568255979895802,14.568255979895802,19.424341303937826
86,85.431170116824,0.5688298831759937,0.5688298831759937,0.6614300966393613
30,61.79653721198245,-31.796537211982447,31.796537211982447,105.98845733794533
89,69.31274230016164,19.687257699838355,19.687257699838355,22.120514266995848
30,56.69540216101756,-26.69540216101756,26.69540216101756,88.98467384039698
20,56.82286241508043,-36.82286241508043,36.82286241508043,184.11431198334498
53,43.939657679478664,9.060342320521336,9.060342320521336,17.094985507192145
42,37.45926998326542,4.540730016734578,4.540730016734578,10.81126194203203
93,84.48825483713046,8.511745162869545,8.511745162869545,9.152414152639036
68,64.41796102032161,3.582038979678387,3.582038979678387,5.267704381105319
74,57.78522861560906,16.214771384390943,16.214771384390943,21.911853219188863
46,41.57912242495216,4.4208775750478395,4.4208775750478395,9.610603421927781
65,60.715857574438644,4.284142425561356,4.284142425561356,6.590988346003473
32,60.51633590296538,-28.51633590296538,28.51633590296538,89.11354966891882
90,90.55088377864668,-0.5508837786466785,0.5508837786466785,0.612093087317188
34,34.5378300980048,-0.5378300980047968,0.5378300980047968,1.5818532289606217
72,63.634591055326794,8.365408944673206,8.365408944673206,11.618623532654643
75,50.95636267292895,24.043637327071053,24.043637327071053,32.05818309848698
92,65.17737362737523,26.822626372624768,26.822626372624768,29.155028662727467
91,72.37780349755658,18.622196502443416,18.622196502443416,20.463952198238484
85,74.85805028762374,10.14194971237626,10.14194971237626,11.931705542568341
38,64.7072015766347,-26.707201576634702,26.707201576634702,70.28210939370129
19,41.46993497698317,-22.46993497698317,22.46993497698317,118.26281560608886
90,73.33779417681238,16.66220582318762,16.66220582318762,18.51356202370696
79,51.12281967194552,27.87718032805448,27.87718032805448,35.28757003104522
79,65.89845505837368,13.101544941626315,13.101544941626315,16.58423410122518
75,55.706878643300186,19.293121356699814,19.293121356699814,25.724161805503197
90,67.9724205014667,22.0275794985333,22.0275794985333,24.475088328984214
68,67.7942158653965,0.20578413460350475,0.20578413460350475,0.3026237273135918
22,44.60977379445037,-22.60977379445037,22.60977379445037,102.77169901896907
24,64.50002953481172,-40.500029534811716,40.500029534811716,168.75012299140292
89,87.03439986782244,1.9656001321775562,1.9656001321775562,2.2085394741086546
80,43.04231912715047,36.95768087284953,36.95768087284953,46.19710108528728
46,39.09188735456207,6.908112645437932,6.908112645437932,15.017636182469928
17,31.706401684133166,-14.706401684133166,14.706401684133166,86.50824514989613
14,15.383014064560058,-1.383014064560058,1.383014064560058,9.878671882658505
92,92.22830660615146,-0.22830660615146314,0.22830660615146314,0.24815935448548612
23,55.088245044145985,-32.088245044145985,32.088245044145985,139.51410882693293
40,48.47238440297456,-8.472384402974562,8.472384402974562,21.180961002141164
86,51.721046462705374,34.278953537294626,34.278953537294626,39.859248294545004
25,27.79311479761342,-2.79311479761342,2.79311479761342,11.172459185984696
37,42.179880723908234,-5.179880723908234,5.179880723908234,13.999677628400717
21,54.02409224962915,-33.02409224962915,33.02409224962915,157.25758206620662
70,35.001702901605036,34.998297098394964,34.998297098394964,49.99756727627887
62,36.58627890964658,25.41372109035342,25.41372109035342,40.989872719765216
52,50.98935492845259,1.0106450715474082,1.0106450715474082,1.9435482141404874
52,48.36875573440359,3.6312442655964077,3.6312442655964077,6.983162047880945
82,58.49758264756877,23.50241735243123,23.50241735243123,28.661484572640344
75,52.78723530408735,22.212764695912647,22.212764695912647,29.617019590601263
43,66.33087111384191,-23.33087111384191,23.33087111384191,54.25783978701424
74,67.08268950969774,6.917310490302256,6.917310490302256,9.347716877523629
71,65.886548972316,5.113451027683993,5.113451027683993,7.202043699949
29,40.17895714157929,-11.17895714157929,11.17895714157929,38.54812806111888
29,63.02482407562402,-34.02482407562402,34.02482407562402,117.32697953065971
95,95.37580706543031,-0.3758070654303083,0.3758070654303083,0.39558638462184176
52,55.243234427394036,-3.243234427394036,3.243234427394036,6.236989282250647
118,82.85394691997791,35.146053080022085,35.146053080022085,29.784790743257293
109,85.95042938945191,23.049570610548088,23.049570610548088,21.146395053608668
43,63.115225351794884,-20.115225351794884,20.115225351794884,46.779593830504474
45,57.10407560735331,-12.104075607353309,12.104075607353309,26.897945788141143
49,63.4771593505905,-14.477159350590497,14.477159350590497,29.545223158440763
58,72.25727756416266,-14.257277564162663,14.257277564162663,24.581513037421573
46,57.392742275439296,-11.392742275439296,11.392742275439296,24.766831028179595
48,44.44395931438618,3.556040685613823,3.556040685613823,7.408418093485378
15,39.10390142930105,-24.103901429301047,24.103901429301047,160.69267608821184
63,52.170472109442834,10.829527890557166,10.829527890557166,17.189726807679673
78,63.0959184297463,14.904081570253702,14.904081570253702,19.107796882490927
72,51.53147366907729,20.468526330922707,20.468526330922707,28.4285087889998
40,46.90525453714167,-6.905254537141673,6.905254537141673,17.2631363385384
90,62.18346131456588,27.816538685434118,27.816538685434118,30.907265202603774
47,57.109867427887764,-10.109867427887764,10.109867427887764,21.510356224971762
75,68.55390105739251,6.446098942607492,6.446098942607492,8.59479858899735
29,27.93098855040541,1.0690114495945906,1.0690114495945906,3.686246376641262
63,63.465324138907555,-0.46532413890755464,0.46532413890755464,0.7386097441804661
38,38.16522701474877,-0.16522701474877266,0.16522701474877266,0.4348079334349786
85,69.71540522278315,15.284594777216853,15.284594777216853,17.981876206374903
65,58.51763011982224,6.482369880177757,6.482369880177757,9.972876737200723
47,53.599131832845266,-6.599131832845266,6.599131832845266,14.040706024342969
32,54.02409887037065,-22.02409887037065,22.02409887037065,68.82530894840038
31,56.01394728327208,-25.01394728327208,25.01394728327208,80.69015250065506
51,50.24962590344953,0.7503740965504733,0.7503740965504733,1.47132175765361
84,54.61050155135912,29.38949844864088,29.38949844864088,34.98749814897873
51,48.159352261203324,2.840647738796676,2.840647738796676,5.569897525960169
87,57.003201067104506,29.996798932895494,29.996798932895494,34.479079229250104
27,49.00390606215955,-22.00390606215955,22.00390606215955,81.49594834818502
20,50.38278040137285,-30.382780401372848,30.382780401372848,151.9139019309073
52,43.85250714678269,8.147492853217308,8.147492853217308,15.668255483943236
57,56.318363609442656,0.6816363905573439,0.6816363905573439,1.1958533165574712
51,43.92060870333293,7.079391296667069,7.079391296667069,13.88115940250775
86,59.53226947746854,26.46773052253146,26.46773052253146,30.77643083657421
86,54.271549557219686,31.728450442780314,31.728450442780314,36.89354702219879
87,59.65522920617129,27.344770793828708,27.344770793828708,31.43077102377659
40,61.42211632175245,-21.422116321752448,21.422116321752448,53.555290790992295
20,66.93375316445265,-46.93375316445265,46.93375316445265,234.6687657049289
53,57.765459107893605,-4.765459107893605,4.765459107893605,8.991432277348041
64,59.13360539920112,4.866394600798877,4.866394600798877,7.6037415625601605
93,64.86162445539318,28.138375544606816,28.138375544606816,30.256317786646434
67,59.81896562415106,7.181034375848938,7.181034375848938,10.71796175339872
53,47.83366074131432,5.166339258685682,5.166339258685682,9.747809920209246
79,67.36278077793249,11.637219222067515,11.637219222067515,14.730657241258797
79,78.4086480765757,0.5913519234242983,0.5913519234242983,0.7485467384170174
93,71.46890339950392,21.531096600496085,21.531096600496085,23.151716772237542
69,73.98092552705329,-4.980925527053287,4.980925527053287,7.218732646857122
78,72.92639982349948,5.07360017650052,5.07360017650052,6.504615610064178
81,71.83718519620454,9.162814803795456,9.162814803795456,11.312117040326228
57,78.75945920820874,-21.75945920820874,21.75945920820874,38.174489832265415
15,54.63540382134963,-39.63540382134963,39.63540382134963,264.2360252995068
77,77.61654117363501,-0.6165411736350137,0.6165411736350137,0.8007028227986278
39,32.80475036619691,6.195249633803087,6.195249633803087,15.885255467216824
73,69.53946052251442,3.4605394774855824,3.4605394774855824,4.740465037002104
52,70.96853112878692,-18.96853112878692,18.96853112878692,36.477944471421395
69,60.34551376332957,8.65448623667043,8.65448623667043,12.542733674516167
51,56.47801292075693,-5.478012920756932,5.478012920756932,10.74120180329963
88,75.24828794254604,12.751712057453958,12.751712057453958,14.49058188182375
91,71.75122053996009,19.248779460039913,19.248779460039913,21.15250489881831
94,93.66914361023163,0.3308563897683712,0.3308563897683712,0.35197488269486565
87,92.97208486184847,-5.972084861848472,5.972084861848472,6.864465357657501
84,93.50802474056499,-9.508024740564991,9.508024740564991,11.319077070753671
77,79.75330342033256,-2.753303420332557,2.753303420332557,3.575718727240241
54,83.40124937182136,-29.401249371821365,29.401249371821365,54.44675808588275
76,72.50325909776423,3.4967409022357714,3.4967409022357714,4.600974870757466
78,86.40152326871221,-8.40152326871221,8.40152326871221,10.771183676455248
50,73.67615603774796,-23.67615603774796,23.67615603774796,47.352312066025455
81,75.81623193017444,5.183768069825561,5.183768069825561,6.399713665661222
60,68.6688909823718,-8.668890982371806,8.668890982371806,14.448151634878318
59,70.90928074056276,-11.909280740562764,11.909280740562764,20.185221590752953
48,62.52880758716224,-14.528807587162241,14.528807587162241,30.26834913361543
61,66.44724752757513,-5.447247527575129,5.447247527575129,8.92991397816744
37,54.461933604240194,-17.461933604240194,17.461933604240194,47.194415133839875
57,54.935057418170665,2.064942581829335,2.064942581829335,3.6227062832755523
21,41.00973593576777,-20.00973593576777,20.00973593576777,95.28445679161584
29,49.08142095662229,-20.08142095662229,20.08142095662229,69.24627913688848
89,46.34918587175033,42.65081412824967,42.65081412824967,47.922263060064545
78,48.917805538356696,29.082194461643304,29.082194461643304,37.28486468963438
82,85.45768185330876,-3.457681853308756,3.457681853308756,4.216685186447668
65,79.94989380462229,-14.949893804622292,14.949893804622292,22.9998366189574
61,63.41840682176717,-2.418406821767171,2.418406821767171,3.9646013465093617
30,61.22763677630485,-31.22763677630485,31.22763677630485,104.09212255298546
25,67.61636457037791,-42.61636457037791,42.61636457037791,170.46545821332546
66,64.73916243367607,1.2608375663239286,1.2608375663239286,1.910359948686201
44,43.75230503442615,0.2476949655738494,0.2476949655738494,0.5629431034489888
74,44.98792099907224,29.012079000927763,29.012079000927763,39.205512158117855
76,66.48078149129869,9.519218508701314,9.519218508701314,12.525287509801034
45,44.6800218570996,0.3199781429004034,0.3199781429004034,0.7110625396206602
15,41.51477485829065,-26.51477485829065,26.51477485829065,176.76516560409422
78,63.71251278970194,14.28748721029806,14.28748721029806,18.317291292905555
90,61.19513737022691,28.80486262977309,28.80486262977309,32.00540291841394
89,66.85770669507485,22.142293304925147,22.142293304925147,24.87898123869354
29,61.88673079876874,-32.88673079876874,32.88673079876874,113.40251995664994
34,65.783641033334,-31.783641033334007,31.783641033334007,93.48129712937022
69,43.49846725018271,25.501532749817287,25.501532749817287,36.95874311032089
118,101.79453189746994,16.205468102530062,16.205468102530062,13.73344754335315
72,80.50171005685262,-8.501710056852616,8.501710056852616,11.807930632877534
119,83.50803703880857,35.49196296119143,35.49196296119143,29.825178956478084
64,71.4587852038845,-7.458785203884503,7.458785203884503,11.654351879248544
112,79.18649388092017,32.81350611907983,32.81350611907983,29.297773317991123
84,82.29031378177265,1.709686218227347,1.709686218227347,2.0353407357426345
10,23.600386624889342,-13.600386624889342,13.600386624889342,136.00386611288954
10,-4.460289410976534,14.460289410976534,14.460289410976534,144.60289396516245
71,49.209627126186945,21.790372873813055,21.790372873813055,30.69066601513238
23,52.44047509889546,-29.44047509889546,29.44047509889546,128.0020655917185
25,57.266275461969556,-32.266275461969556,32.266275461969556,129.06510179625218
42,45.50272999002198,-3.502729990021983,3.502729990021983,8.339833307590476
39,41.20320571231694,-2.2032057123169366,2.2032057123169366,5.649245414748749
93,49.928452401780135,43.071547598219865,43.071547598219865,46.313492036116685
78,36.60728397224992,41.39271602775008,41.39271602775008,53.06758464415812
58,35.328821350426594,22.671178649573406,22.671178649573406,39.08823904424928
40,51.66456147828068,-11.664561478280682,11.664561478280682,29.16140368841135
69,65.29247176308367,3.707528236916332,3.707528236916332,5.373229328085521
50,62.071377351606486,-12.071377351606486,12.071377351606486,24.142754698384422
80,64.15448895716645,15.84551104283355,15.84551104283355,19.806888801066076
67,66.92513751334093,0.07486248665907169,0.07486248665907169,0.1117350546983555
72,61.18884090719237,10.811159092807628,10.811159092807628,15.015498737925109
61,63.04417329990103,-2.0441732999010327,2.0441732999010327,3.3511037697802006
42,62.86209913706524,-20.862099137065243,20.862099137065243,49.67166460023352
77,62.06283606653615,14.93716393346385,14.93716393346385,19.398914196784364
56,61.943408075856304,-5.943408075856304,5.943408075856304,10.613228704991037
40,57.71548507068366,-17.715485070683663,17.715485070683663,44.28871266563698
62,60.00649284865884,1.9935071513411629,1.9935071513411629,3.2153341145477894
39,55.20890183597226,-16.208901835972263,16.208901835972263,41.561286748246495
39,46.91084162756502,-7.91084162756502,7.91084162756502,20.284209296247692
82,71.39523658124216,10.604763418757841,10.604763418757841,12.932638313981194
61,60.947662421783185,0.052337578216814507,0.052337578216814507,0.08579930853808947
59,57.05997033081927,1.9400296691807313,1.9400296691807313,3.2881858794100216
20,51.79011882908357,-31.790118829083568,31.790118829083568,158.95059406594254
58,54.30136431362619,3.6986356863738123,3.6986356863738123,6.376958078855373
66,57.735052228105495,8.264947771894505,8.264947771894505,12.522648137336729
88,75.27702310835562,12.722976891644379,12.722976891644379,14.457928284316576
65,53.95714980801909,11.04285019198091,11.04285019198091,16.989000292741558
88,63.44785900267602,24.55214099732398,24.55214099732398,27.900160221061327
95,66.83672456118909,28.163275438810913,28.163275438810913,29.64555309036459
67,76.3627048514384,-9.362704851438394,9.362704851438394,13.97418634334474
40,72.13797159146684,-32.13797159146684,32.13797159146684,80.34492895858085
52,81.62466073632069,-29.624660736320692,29.624660736320692,56.97050140504546
39,65.38201927460419,-26.38201927460419,26.38201927460419,67.64620325087068
65,67.03824648511443,-2.0382464851144277,2.0382464851144277,3.135763822770541
32,43.22025807700587,-11.220258077005873,11.220258077005873,35.06330647968607
80,50.47821519410424,29.521784805895763,29.521784805895763,36.90223100275693
67,47.51892189745303,19.481078102546967,19.481078102546967,29.076235969610963
44,47.62764120071865,-3.6276412007186494,3.6276412007186494,8.244639090668603
83,60.43439529294965,22.565604707050348,22.565604707050348,27.187475547387475
20,44.827652263639074,-24.827652263639074,24.827652263639074,124.13826125612624
82,65.06809442223187,16.931905577768134,16.931905577768134,20.648665336223498
83,61.74090810067495,21.25909189932505,21.25909189932505,25.61336373104062
82,63.02805769812611,18.971942301873888,18.971942301873888,23.136514999463706
87,71.12555303399631,15.874446966003688,15.874446966003688,18.246490763424184
61,76.50124137750551,-15.501241377505508,15.501241377505508,25.411871106498886
84,72.55362593055851,11.44637406944149,11.44637406944149,13.626635795331937
20,69.06425992825825,-49.06425992825825,49.06425992825825,245.3212995186306
39,71.9020569600039,-32.902056960003904,32.902056960003904,84.36424859376277
10,22.329955074960754,-12.329955074960754,12.329955074960754,123.29955062630798
34,55.9328016017052,-21.9328016017052,21.9328016017052,64.50823998604228
41,66.23983745800003,-25.239837458000025,25.239837458000025,61.56057915083895
53,63.77681211266025,-10.776812112660252,10.776812112660252,20.333607755899795
41,40.966850328323055,0.03314967167694505,0.03314967167694505,0.08085285772892625
65,44.959007152718826,20.040992847281174,20.040992847281174,30.832296683381454
22,42.274123049344176,-20.274123049344176,20.274123049344176,92.15510472785758
38,58.49062756023263,-20.49062756023263,20.49062756023263,53.92270409168516
35,48.01515660204005,-13.01515660204005,13.01515660204005,37.18616170948981
68,53.446456068157936,14.553543931842064,14.553543931842064,21.402270484855645
31,43.524084268873025,-12.524084268873025,12.524084268873025,40.40027182204193
33,50.197549940368056,-17.197549940368056,17.197549940368056,52.11378768229296
45,43.459691369609615,1.5403086303903848,1.5403086303903848,3.4229080667735423
77,48.84913109956883,28.15086890043117,28.15086890043117,36.55956999581197
55,51.19097089243895,3.8090291075610523,3.8090291075610523,6.92550746703364
69,61.25314694356132,7.746853056438681,7.746853056438681,11.227323268573839
36,53.78071818530958,-17.78071818530958,17.78071818530958,49.390883834362484
65,56.79263853466601,8.207361465333989,8.207361465333989,12.626709944725107
95,65.70110291648568,29.29889708351432,29.29889708351432,30.840944295189715
66,64.19701311345176,1.80298688654824,1.80298688654824,2.73179831253797
41,67.76198050066299,-26.761980500662986,26.761980500662986,65.27312315642847
82,67.92056812455078,14.079431875449217,14.079431875449217,17.17003887040514
84,66.17799923594676,17.822000764053243,17.822000764053243,21.216667573728067
28,45.121533981907646,-17.121533981907646,17.121533981907646,61.14833562783147
29,65.48669713264957,-36.48669713264957,36.48669713264957,125.81619696575154
45,57.06449927945167,-12.064499279451667,12.064499279451667,26.809998392823704
77,77.12994036667399,-0.129940366673992,0.129940366673992,0.16875372293132032
29,53.598060735681486,-24.598060735681486,24.598060735681486,84.82089905930826
32,49.786894807937,-17.786894807937003,17.786894807937003,55.584046257433116
64,42.528599572795684,21.471400427204316,21.471400427204316,33.5490631622647
55,33.92304587099356,21.076954129006438,21.076954129006438,38.32173477304412
47,48.368468964955326,-1.3684689649553263,1.3684689649553263,2.9116360950301337
60,47.42623600375412,12.57376399624588,12.57376399624588,20.956273323583755
22,46.342373011575354,-24.342373011575354,24.342373011575354,110.64715000232108
28,42.42780016067504,-14.42780016067504,14.42780016067504,51.527857698293765
48,48.786403085428915,-0.7864030854289155,0.7864030854289155,1.6383397609689196
25,43.62180232586014,-18.621802325860138,18.621802325860138,74.48720927364566
62,66.49385403938992,-4.493854039389916,4.493854039389916,7.248151675266292
30,41.22986142335144,-11.229861423351437,11.229861423351437,37.432871398693834
50,41.07728461956356,8.922715380436443,8.922715380436443,17.845430757303802
79,48.828903132497224,30.171096867502776,30.171096867502776,38.19126185276412
30,39.143360530207474,-9.143360530207474,9.143360530207474,30.477868423865623
5,29.274159845428898,-24.274159845428898,24.274159845428898,485.4831959376115
14,34.00322110708625,-20.003221107086247,20.003221107086247,142.88015066284453
59,47.6627125104698,11.337287489530198,11.337287489530198,19.215741504421395
75,47.76393034605508,27.236069653944917,27.236069653944917,36.31475953375126
64,48.36430783477517,15.635692165224832,15.635692165224832,24.430769004346494
47,35.897504671743114,11.102495328256886,11.102495328256886,23.62233048062692
33,39.60517073890481,-6.60517073890481,6.60517073890481,20.0156688997068
74,58.30214742409259,15.697852575907412,15.697852575907412,21.213314288900108
73,80.90588808060684,-7.905888080606843,7.905888080606843,10.82998367058061
91,66.54292378875908,24.457076211240917,24.457076211240917,26.875907921487176
38,56.83752004882085,-18.83752004882085,18.83752004882085,49.57242116806213
96,70.49460517653642,25.505394823463575,25.505394823463575,26.568119605007045
36,58.66321759428409,-22.66321759428409,22.66321759428409,62.953382188857645
28,68.06886194103738,-40.06886194103738,40.06886194103738,143.10307830973954
70,69.42074977949555,0.5792502205044485,0.5792502205044485,0.8275003148881408
95,64.94480460342206,30.055195396577943,30.055195396577943,31.637047782541305
69,62.5239041403798,6.476095859620202,6.476095859620202,9.385646172002374
71,68.21364183982625,2.786358160173748,2.786358160173748,3.9244481123680326
18,33.08135647761971,-15.081356477619707,15.081356477619707,83.78531371800652
89,74.43928376810743,14.56071623189257,14.56071623189257,16.360355314894985
60,51.95544524655534,8.044554753444658,8.044554753444658,13.407591253506498
90,72.498619139577,17.501380860422998,17.501380860422998,19.44597873164267
33,65.01523576301352,-32.01523576301352,32.01523576301352,97.01586591912708
31,39.180268370134556,-8.180268370134556,8.180268370134556,26.38796247579277
26,56.009501023565804,-30.009501023565804,30.009501023565804,115.42115773855264
70,68.50942197193768,1.4905780280623162,1.4905780280623162,2.129397182641967
67,57.51298369171062,9.487016308289377,9.487016308289377,14.159725831154335
71,80.07930858626914,-9.079308586269136,9.079308586269136,12.787758570408958
16,28.280197756300694,-12.280197756300694,12.280197756300694,76.75123592890981
54,55.81106723679043,-1.8110672367904286,1.8110672367904286,3.3538282156574923
67,78.083495283512,-11.083495283511994,11.083495283511994,16.542530271429463
75,60.3426131038587,14.657386896141297,14.657386896141297,19.54318252558264
46,59.16157901949458,-13.161579019494582,13.161579019494582,28.61212829702906
96,76.53772369254347,19.462276307456534,19.462276307456534,20.2732044848221
101,93.47109789033382,7.528902109666177,7.528902109666177,7.454358523683903
103,70.93127631777598,32.06872368222402,32.06872368222402,31.13468318360248
69,75.57014340685976,-6.570143406859756,6.570143406859756,9.521946965083423
74,78.65961617234795,-4.659616172347953,4.659616172347953,6.296778610430101
56,77.55144406051275,-21.55144406051275,21.55144406051275,38.484721529757635
101,74.70447385757252,26.295526142427477,26.295526142427477,26.035174395865308
60,79.23062814737871,-19.23062814737871,19.23062814737871,32.05104690695601
21,25.870963339302175,-4.870963339302175,4.870963339302175,23.19506350944128
27,66.62505953347511,-39.62505953347511,39.62505953347511,146.75947969925616
77,70.4522862596011,6.547713740398905,6.547713740398905,8.503524337076044
26,51.756136749616324,-25.756136749616324,25.756136749616324,99.06206438350044
95,66.49707660652196,28.502923393478042,28.502923393478042,30.003077253134457
34,44.29019141345409,-10.290191413454089,10.290191413454089,30.265268854198712
21,47.664290398863564,-26.664290398863564,26.664290398863564,126.97281136269658
36,36.04852308974323,-0.04852308974322739,0.04852308974322739,0.1347863603604132
68,54.469975346146605,13.530024653853395,13.530024653853395,19.897095076270126
74,51.727255772989054,22.272744227010946,22.272744227010946,30.09830300540692
93,66.09430236769069,26.905697632309312,26.905697632309312,28.930857666038957
31,46.8328411922515,-15.8328411922515,15.8328411922515,51.07368124885204
36,56.532232670989124,-20.532232670989124,20.532232670989124,57.033979625793684
9,23.078823354878512,-14.078823354878512,14.078823354878512,156.4313704359486
34,56.65534755335703,-22.655347553357032,22.655347553357032,66.6333751373344
26,45.4962166306845,-19.4962166306845,19.4962166306845,74.98544855071522
48,46.938991424316754,1.0610085756832461,1.0610085756832461,2.2104345322129224
71,58.51743721078274,12.482562789217262,12.482562789217262,17.581074348534024
65,47.13242689255496,17.86757310744504,17.86757310744504,27.488574007224898
71,51.02769409521152,19.972305904788477,19.972305904788477,28.130008312641518
29,48.03168000712621,-19.031680007126212,19.031680007126212,65.626482760564
46,55.63451939073905,-9.634519390739051,9.634519390739051,20.944607366618673
74,65.78852676207225,8.211473237927748,8.211473237927748,11.096585455159582
58,56.23790776490798,1.7620922350920196,1.7620922350920196,3.0380900599796736
65,59.9026401151773,5.097359884822701,5.097359884822701,7.8420921292899886
21,44.00096326447454,-23.000963264474542,23.000963264474542,109.52839644534144
26,36.45489153552591,-10.45489153552591,10.45489153552591,40.21112127501845
25,48.31617674069072,-23.31617674069072,23.31617674069072,93.26470692545699
76,55.54208830671444,20.45791169328556,20.45791169328556,26.918304856044383
27,41.67832764497941,-14.678327644979412,14.678327644979412,54.364176442751834
37,34.49088885992661,2.5091111400733865,2.5091111400733865,6.781381457824996
63,44.92799631276861,18.072003687231387,18.072003687231387,28.685720133909232
49,46.03667443715749,2.9633255628425132,2.9633255628425132,6.047603188240312
35,48.30282988056075,-13.30282988056075,13.30282988056075,38.008085362171265
24,40.95710236221817,-16.957102362218173,16.957102362218173,70.65459314646964
92,75.99272545678002,16.007274543219978,16.007274543219978,17.399211458130498
11,24.964112316831198,-13.964112316831198,13.964112316831198,126.94647549215046
47,76.21563570611713,-29.215635706117126,29.215635706117126,62.16092702106602
22,43.48822483495143,-21.48822483495143,21.48822483495143,97.67374920538207
68,43.283304204781764,24.716695795218236,24.716695795218236,36.34808204644622
30,39.64729564310149,-9.647295643101486,9.647295643101486,32.1576521329524
39,44.100210918150474,-5.100210918150474,5.100210918150474,13.077463889340327
15,14.584043772610672,0.41595622738932825,0.41595622738932825,2.7730415140801603
49,34.582079299774584,14.417920700225416,14.417920700225416,29.42432795363874
99,83.35976665438547,15.640233345614533,15.640233345614533,15.798215499024963
49,37.130603591861465,11.869396408138535,11.869396408138535,24.223257970849403
64,55.02970595509582,8.970294044904179,8.970294044904179,14.016084442972767
82,59.63438637558658,22.36561362441342,22.36561362441342,27.275138563031597
46,48.77807123510757,-2.778071235107568,2.778071235107568,6.0392852923992155
83,68.89724380539087,14.102756194609128,14.102756194609128,16.991272521578317
45,67.30150795407093,-22.301507954070928,22.301507954070928,49.55890655358897
52,62.45474142743195,-10.454741427431948,10.454741427431948,20.10527197196427
13,28.966614629878137,-15.966614629878137,15.966614629878137,122.82011244304711
59,65.2321548478527,-6.232154847852698,6.232154847852698,10.562974316604068
69,52.29246214287182,16.70753785712818,16.70753785712818,24.213822977835942
70,57.401069960837255,12.598930039162745,12.598930039162745,17.998471481947
39,38.00015195246605,0.999848047533952,0.999848047533952,2.563712941737386
94,61.51390179742584,32.48609820257416,32.48609820257416,34.55967893523212
50,55.80357656052429,-5.8035765605242915,5.8035765605242915,11.607153118727153
30,60.42982648992616,-30.429826489926157,30.429826489926157,101.4327549326096
80,56.501457856838314,23.498542143161686,23.498542143161686,29.37317767528046
49,45.02130713580081,3.978692864199189,3.978692864199189,8.119781353851451
20,36.84029201372657,-16.840292013726568,16.840292013726568,84.2014600265321
95,79.21314614535291,15.786853854647092,15.786853854647092,16.617740897879283
27,36.92965729713692,-9.92965729713692,9.92965729713692,36.776508494293594
55,55.69555736311982,-0.6955573631198178,0.6955573631198178,1.264649750897005
65,60.119775296550706,4.880224703449294,4.880224703449294,7.508038004151524
79,46.10319032789091,32.89680967210909,32.89680967210909,41.641531225246766
35,57.93594404041733,-22.935944040417333,22.935944040417333,65.53126866818344
98,72.73519288340653,25.264807116593474,25.264807116593474,25.78041542246473
31,43.88531601708064,-12.88531601708064,12.88531601708064,41.56553552556157
69,68.03701338210875,0.9629866178912465,0.9629866178912465,1.3956327793502656
41,58.53295596818037,-17.532955968180367,17.532955968180367,42.76330722903424
41,42.577566335817,-1.5775663358169965,1.5775663358169965,3.847722769346888
36,51.70115225756124,-15.70115225756124,15.70115225756124,43.614311814443916
15,34.64290997710826,-19.64290997710826,19.64290997710826,130.9527330934199
45,46.27825088241223,-1.2782508824122303,1.2782508824122303,2.8405575158403877
73,44.71385216325208,28.286147836747922,28.286147836747922,38.74814771626453
46,37.53423265079507,8.465767349204931,8.465767349204931,18.403842059488145
28,38.554956540947785,-10.554956540947785,10.554956540947785,37.696273347064846
67,46.65452496405169,20.34547503594831,20.34547503594831,30.366380646136832
38,39.7140135345996,-1.7140135345996015,1.7140135345996015,4.510561931969856
22,32.53729868436405,-10.537298684364053,10.537298684364053,47.89681217988351
58,52.57878159799601,5.421218402003987,5.421218402003987,9.346928277705679
76,47.1790991969159,28.8209008030841,28.8209008030841,37.922237893805104
88,49.994715712679756,38.005284287320244,38.005284287320244,43.1878230488653
78,55.42466859651943,22.57533140348057,22.57533140348057,28.94273256485423
72,59.41864406463468,12.581355935365323,12.581355935365323,17.474105463358214
61,63.9941697702192,-2.9941697702192016,2.9941697702192016,4.908475032341563
83,78.68543873518978,4.314561264810223,4.314561264810223,5.198266583482406
32,39.945098948449434,-7.945098948449434,7.945098948449434,24.828434206145598
55,56.582459894046174,-1.582459894046174,1.582459894046174,2.877199806833553
26,57.561127663553826,-31.561127663553826,31.561127663553826,121.38895250544203
75,80.67470985681625,-5.67470985681625,5.67470985681625,7.566279808079497
60,55.56275475931599,4.437245240684007,4.437245240684007,7.395408733240777
53,55.474531158263865,-2.474531158263865,2.474531158263865,4.668926712824476
34,49.31855371244677,-15.318553712446771,15.318553712446771,45.054569729239155
22,32.40615982093295,-10.406159820932949,10.406159820932949,47.3007264372858
16,33.91248792277702,-17.912487922777018,17.912487922777018,111.95304944738571
30,54.21892438404152,-24.21892438404152,24.21892438404152,80.72974791989516
31,49.48967871199426,-18.48967871199426,18.48967871199426,59.644124858160794
58,33.17147736459515,24.828522635404852,24.828522635404852,42.80779763986909
72,37.662825175906214,34.337174824093786,34.337174824093786,47.690520582395465
47,36.594945217549466,10.405054782450534,10.405054782450534,22.138414426035517
37,51.48449051026809,-14.484490510268088,14.484490510268088,39.147271638792866
85,56.64046439183873,28.359535608161274,28.359535608161274,33.36415953508807
59,54.49356943956748,4.50643056043252,4.50643056043252,7.63801789774359
71,62.874715767017115,8.125284232982885,8.125284232982885,11.444062298364056
102,69.73892959078067,32.26107040921933,32.26107040921933,31.628500398094587
17,34.794454577506194,-17.794454577506194,17.794454577506194,104.67326215905214
20,62.05442264659939,-42.05442264659939,42.05442264659939,210.27211312786088
60,65.1780265173797,-5.178026517379706,5.178026517379706,8.630044194194502
23,42.27622126275452,-19.276221262754518,19.276221262754518,83.8096576277111
46,30.63921686467347,15.360783135326528,15.360783135326528,33.393006808667884
88,57.401800286581924,30.598199713418076,30.598199713418076,34.77068148856933
32,24.843853626568226,7.156146373431774,7.156146373431774,22.36295740998587
65,53.82156062643801,11.178439373561993,11.178439373561993,17.197599033603435
64,51.416438891204706,12.583561108795294,12.583561108795294,19.66181422942049
45,36.246030754207965,8.753969245792035,8.753969245792035,19.45326498632602
77,57.00160244039696,19.998397559603042,19.998397559603042,25.971944879228374
30,46.37279020956454,-16.372790209564542,16.372790209564542,54.575967347023145
